PLAYER_ID,PARTNER_ID,PIMS,PPS_ON,PPS_OFF,N_CNT_SHOT,MIN_GROUP,PLAYER_NAME,PARTNER_NAME
1627749,1629631,1.2384906315056,1,1.1,274,OFF,Dejounte Murray,De'Andre Hunter
1627749,1630552,1.91252396786214,1.15,0.98,226,ON,Dejounte Murray,Jalen Johnson
1627749,1629027,2.51950306214933,1.02,1.02,394,OFF,Dejounte Murray,Trae Young
1627749,1628381,1.7092501137033,0.99,1.04,334,OFF,Dejounte Murray,John Collins
1627749,1630168,2.13500294724739,1.08,0.97,555,ON,Dejounte Murray,Onyeka Okongwu
1627749,203991,1.67269602332542,0.98,1.12,363,OFF,Dejounte Murray,Clint Capela
1627749,1631100,1.38264512091275,1.03,1.05,347,ON,Dejounte Murray,AJ Griffin
1627749,203992,1.16018399018016,1.05,1,369,OFF,Dejounte Murray,Bogdan Bogdanovic
1629631,1630168,-1.18671120734923,1.01,1.09,300,ON,De'Andre Hunter,Onyeka Okongwu
1628381,1630168,1.14472225476251,1.09,1.135,221,ON,John Collins,Onyeka Okongwu
1629027,1629631,1.19759765150397,1.045,0.88,304,OFF,Trae Young,De'Andre Hunter
1629027,1630552,-1.00023277550414,0.87,1.01,269,ON,Trae Young,Jalen Johnson
1629027,1628988,-1.01512423195688,1,0.97,233,ON,Trae Young,Aaron Holiday
1629027,1628381,1.11744827788577,1.02,0.94,367,OFF,Trae Young,John Collins
1629027,1627749,-1.32863796140985,1,0.96,431,OFF,Trae Young,Dejounte Murray
1629027,1630168,1.03029410952195,0.96,0.99,462,ON,Trae Young,Onyeka Okongwu
1629027,203991,-1.01756737873755,0.99,0.92,326,OFF,Trae Young,Clint Capela
1629027,1631100,-1.20789112754727,0.9,1.01,347,ON,Trae Young,AJ Griffin
1629027,203992,-1.08298884241442,1.02,1.02,366,ON,Trae Young,Bogdan Bogdanovic
1631100,1629027,-1.10580910943496,1.17,1.06,200,ON,AJ Griffin,Trae Young
203992,1629027,1.23040176948819,1.13,1.13,211,OFF,Bogdan Bogdanovic,Trae Young
203992,1631100,1.04899144174892,1.09,1.11,246,ON,Bogdan Bogdanovic,AJ Griffin
201142,203925,1.16305171316779,1.24,1.2,307,OFF,Kevin Durant,Joe Harris
201142,1629651,-1.14201120344509,1.25,1.19,248,OFF,Kevin Durant,Nic Claxton
201142,1627732,-1.21751242945359,1.21,1.23,252,OFF,Kevin Durant,Ben Simmons
201142,203552,1.2708373786206,1.2,1.24,222,ON,Kevin Durant,Seth Curry
202681,203925,1.28473553093126,1.07,1.23,301,OFF,Kyrie Irving,Joe Harris
202681,1629651,1.02373572946302,1.165,1.04,222,OFF,Kyrie Irving,Nic Claxton
202681,1627732,1.15511184878131,1.21,1.14,242,OFF,Kyrie Irving,Ben Simmons
202681,203552,1.07369007647391,1.15,1.13,278,ON,Kyrie Irving,Seth Curry
1626220,203925,1.13223971314063,1.04,1.01,242,OFF,Royce O'Neale,Joe Harris
1629651,203925,-1.20343581024563,1.41,1.37,230,ON,Nic Claxton,Joe Harris
203552,1629651,1.19571753323784,1.21,1.09,201,ON,Seth Curry,Nic Claxton
203935,1629684,1.45518216515449,0.97,1.11,238,ON,Marcus Smart,Grant Williams
203935,1628401,1.63287947768392,1.1,0.94,273,ON,Marcus Smart,Derrick White
1628369,1629684,-1.05685157902066,1.01,1.12,701,OFF,Jayson Tatum,Grant Williams
1628369,1630573,1.07470569336072,1.06,1.08,326,ON,Jayson Tatum,Sam Hauser
1628369,1627759,1.32398303937806,1.1,0.97,374,OFF,Jayson Tatum,Jaylen Brown
1628369,201143,1.45192640315494,1.09,1.02,343,OFF,Jayson Tatum,Al Horford
1628369,203935,1.21655165543829,1.11,1,287,OFF,Jayson Tatum,Marcus Smart
1628369,1627763,-1.2135633971756,1.02,1.15,538,ON,Jayson Tatum,Malcolm Brogdon
1628369,1628401,1.35791642358995,1.1,1.05,641,OFF,Jayson Tatum,Derrick White
1628369,1628436,1.12409884687426,1.01,1.1,222,ON,Jayson Tatum,Luke Kornet
1628369,1629057,1.22806268377154,1.05,1.09,276,OFF,Jayson Tatum,Robert Williams III
1628401,1629684,1.20572881354852,1.1,1.14,327,OFF,Derrick White,Grant Williams
1628401,1630573,1.90475441609244,1.06,1.19,231,ON,Derrick White,Sam Hauser
1628401,203935,1.65297133757062,1.22,0.98,205,OFF,Derrick White,Marcus Smart
1628401,1627763,-1.07789628381238,1.09,1.2,237,ON,Derrick White,Malcolm Brogdon
1627759,1628369,1.82840281097505,1.11,1.12,332,OFF,Jaylen Brown,Jayson Tatum
1627759,1629684,-1.09972201350066,1.14,1.09,608,ON,Jaylen Brown,Grant Williams
1627759,1630573,1.25025810445628,1.22,1.1,217,ON,Jaylen Brown,Sam Hauser
1627759,201143,1.32801486884502,1.14,1.15,251,OFF,Jaylen Brown,Al Horford
1627759,203935,-1.05338129947915,1.11,1.17,224,OFF,Jaylen Brown,Marcus Smart
1627759,1627763,-1.01962930327985,1.04,1.17,456,ON,Jaylen Brown,Malcolm Brogdon
1627759,1628401,-1.05362233348441,1.125,1.1,534,OFF,Jaylen Brown,Derrick White
1627759,1629057,1.32545663773464,1.05,1.07,203,ON,Jaylen Brown,Robert Williams III
1629684,1628401,1.18730197906599,1.18,1.15,217,OFF,Grant Williams,Derrick White
1627763,1628369,1.31181131046882,1.22,1.05,214,OFF,Malcolm Brogdon,Jayson Tatum
1627763,1629684,1.22603356166386,1.08,1.24,233,OFF,Malcolm Brogdon,Grant Williams
1627763,1630573,1.24239926815177,1.09,1.215,299,ON,Malcolm Brogdon,Sam Hauser
1627763,1627759,-1.34033378272015,1.04,1.17,255,OFF,Malcolm Brogdon,Jaylen Brown
1627763,1628401,-1.29919045528129,1.19,1.13,291,ON,Malcolm Brogdon,Derrick White
202330,1628372,-1.34966431957682,1.15,1.02,219,ON,Gordon Hayward,Dennis Smith Jr.
1626162,1629023,1.2146062862468,0.975,1.02,241,OFF,Kelly Oubre Jr.,P.J. Washington
1626162,1626179,1.04670217127719,0.97,1.02,215,OFF,Kelly Oubre Jr.,Terry Rozier
1626162,1629667,1.16356799193487,1.06,0.9,283,OFF,Kelly Oubre Jr.,Jalen McDaniels
1626162,1630208,-1.1288868039127,0.94,1.03,258,OFF,Kelly Oubre Jr.,Nick Richards
1626179,202330,-1.21873771755912,0.96,0.94,214,OFF,Terry Rozier,Gordon Hayward
1626179,1629023,1.27286163870826,0.995,0.94,355,OFF,Terry Rozier,P.J. Washington
1626179,203486,2.12464448928228,1.02,0.85,254,OFF,Terry Rozier,Mason Plumlee
1626179,1628372,-1.22634840876597,0.89,1.07,355,ON,Terry Rozier,Dennis Smith Jr.
1626179,1630550,1.06912409242561,0.9,1.03,229,ON,Terry Rozier,JT Thor
1626179,1629667,-1.22084285696464,0.99,0.96,419,OFF,Terry Rozier,Jalen McDaniels
1626179,1626162,1.49698830273876,0.95,0.82,219,OFF,Terry Rozier,Kelly Oubre Jr.
1626179,1630208,1.81657510104357,0.92,0.98,297,ON,Terry Rozier,Nick Richards
1626179,1630163,1.32059346697366,1.05,0.88,206,OFF,Terry Rozier,LaMelo Ball
1629023,202330,2.03479045835915,1.08,1,221,OFF,P.J. Washington,Gordon Hayward
1629023,1626179,-1.07619871859869,1.08,0.91,204,OFF,P.J. Washington,Terry Rozier
1629023,203486,1.17703759398256,0.99,1.05,243,OFF,P.J. Washington,Mason Plumlee
1629023,1628372,1.14061323834104,1.04,1.05,326,OFF,P.J. Washington,Dennis Smith Jr.
1629023,1629667,1.82466123838524,1.015,1.02,337,OFF,P.J. Washington,Jalen McDaniels
1629023,1630208,-1.13155107166888,1.08,0.93,256,ON,P.J. Washington,Nick Richards
1629667,203486,1.08727888114112,1.01,1.05,222,OFF,Jalen McDaniels,Mason Plumlee
1630163,1629667,1.71693760911177,1,0.975,274,ON,LaMelo Ball,Jalen McDaniels
202696,1627936,1.24241386595976,1.16,1.14,420,OFF,Nikola Vucevic,Alex Caruso
202696,1630172,1.14742138491172,1.17,1.09,376,OFF,Nikola Vucevic,Patrick Williams
202696,1629632,1.16111355428724,1.08,1.17,345,ON,Nikola Vucevic,Coby White
202696,1630245,-1.14216674936664,1.15,1.11,403,OFF,Nikola Vucevic,Ayo Dosunmu
201942,202696,1.51371652500414,1.08,1,323,OFF,DeMar DeRozan,Nikola Vucevic
201942,1627936,-1.65628798677737,1.08,1.06,467,ON,DeMar DeRozan,Alex Caruso
201942,1630172,-1.3003486369736,1.09,1.01,538,OFF,DeMar DeRozan,Patrick Williams
201942,1629632,-1.00953725260985,1.01,1.09,428,ON,DeMar DeRozan,Coby White
201942,201609,1.13978721295211,1.08,1.03,240,ON,DeMar DeRozan,Goran Dragic
201942,1630245,-1.62723372787786,1.03,1.09,540,OFF,DeMar DeRozan,Ayo Dosunmu
201942,203083,1.1287814716993,1.02,1.09,253,ON,DeMar DeRozan,Andre Drummond
201942,1627884,-1.03248673551127,0.97,1.08,226,ON,DeMar DeRozan,Derrick Jones Jr.
201942,203897,1.2771803660968,1.04,1.06,425,OFF,DeMar DeRozan,Zach LaVine
1630245,1629632,2.74233059038562,1.1,1.12,209,ON,Ayo Dosunmu,Coby White
1629632,202696,1.22545160948784,1.09,1.08,253,OFF,Coby White,Nikola Vucevic
1629632,1630172,-1.13443368033367,1.05,1.12,254,OFF,Coby White,Patrick Williams
1629632,1630245,-1.87155682467746,1.05,1.12,250,OFF,Coby White,Ayo Dosunmu
1629632,203897,1.40118430434947,1.08,1.09,244,ON,Coby White,Zach LaVine
1630172,1629632,1.20960935188487,1.12,1.09,216,ON,Patrick Williams,Coby White
203897,202696,-1.10184832641791,1.16,1.01,334,OFF,Zach LaVine,Nikola Vucevic
203897,1627936,-1.06321228471924,1.15,1.08,448,OFF,Zach LaVine,Alex Caruso
203897,1630172,1.23235253493168,1.14,1.11,524,OFF,Zach LaVine,Patrick Williams
203897,1629632,1.14240738714877,1.13,1.13,454,ON,Zach LaVine,Coby White
203897,201609,1.13757844983664,1,1.14,200,ON,Zach LaVine,Goran Dragic
203897,201942,1.18408151085307,1.17,1.08,413,OFF,Zach LaVine,DeMar DeRozan
203897,1630245,2.13214616127294,1.09,1.17,602,ON,Zach LaVine,Ayo Dosunmu
203897,203083,1.06363097629926,1.01,1.2,239,ON,Zach LaVine,Andre Drummond
203897,1627884,-1.30073035520044,1.04,1.16,233,ON,Zach LaVine,Derrick Jones Jr.
1628378,1630596,-1.32117118236384,1.12,1.13,318,OFF,Donovan Mitchell,Evan Mobley
1628378,1629636,1.02765645862391,1.13,1.12,351,OFF,Donovan Mitchell,Darius Garland
1628378,1628386,1.01547974008383,1.16,1.1,241,OFF,Donovan Mitchell,Jarrett Allen
1628378,1626224,1.20633782648043,1.1,1.14,368,ON,Donovan Mitchell,Cedi Osman
1628378,1629731,-1.17436422894868,1.13,1.19,230,ON,Donovan Mitchell,Dean Wade
1628378,1630171,-1.20795845635144,1.09,1.16,548,ON,Donovan Mitchell,Isaac Okoro
1628378,201567,1.2997154638366,1.11,1.17,244,ON,Donovan Mitchell,Kevin Love
1628378,1627747,1.45482998153842,1.2,1.06,508,OFF,Donovan Mitchell,Caris LeVert
1628378,1630205,1.0205674173515,1.14,1.11,314,ON,Donovan Mitchell,Lamar Stevens
1630596,1628386,2.27895805533438,1.08,1.17,326,OFF,Evan Mobley,Jarrett Allen
1630596,1626224,1.364595385538,1.18,1.1,282,ON,Evan Mobley,Cedi Osman
1630596,1630171,-1.10606838790057,1.13,1.13,399,ON,Evan Mobley,Isaac Okoro
1630596,1627747,-1.11963500459977,1.13,1.17,322,OFF,Evan Mobley,Caris LeVert
1630596,1630205,1.52409722200154,1.15,1.13,208,ON,Evan Mobley,Lamar Stevens
1627747,1628378,-1.07979947488643,0.98,1.06,203,OFF,Caris LeVert,Donovan Mitchell
1627747,1630596,1.60283491417207,1.04,0.99,241,OFF,Caris LeVert,Evan Mobley
1627747,1629636,1.47428926972847,0.99,1.06,222,OFF,Caris LeVert,Darius Garland
1627747,1626224,1.77820341058362,1.06,0.98,288,ON,Caris LeVert,Cedi Osman
1627747,1630171,-1.1120895389516,1.01,1.01,236,ON,Caris LeVert,Isaac Okoro
1629636,1628378,-1.01336962634273,1.08,1.11,276,OFF,Darius Garland,Donovan Mitchell
1629636,1630596,1.13741961600509,1.08,1.09,232,OFF,Darius Garland,Evan Mobley
1629636,1628386,-1.08481592858798,1.14,1.03,241,OFF,Darius Garland,Jarrett Allen
1629636,1626224,1.32684195338698,1.11,1.05,330,ON,Darius Garland,Cedi Osman
1629636,1630171,-1.17468553955306,1.15,1.03,511,ON,Darius Garland,Isaac Okoro
1629636,1627747,-1.07361092284121,0.96,1.24,446,OFF,Darius Garland,Caris LeVert
1629636,1630205,1.48088442166169,1.14,1.11,285,ON,Darius Garland,Lamar Stevens
1628386,1630596,-1.1503175462385,1.26,1.35,218,OFF,Jarrett Allen,Evan Mobley
1628386,1630171,-1.16039308647291,1.27,1.32,300,OFF,Jarrett Allen,Isaac Okoro
1628386,1627747,-1.12951677719165,1.26,1.29,217,OFF,Jarrett Allen,Caris LeVert
1626224,1630596,1.2107827368076,1.13,1.12,209,OFF,Cedi Osman,Evan Mobley
1626224,1628386,-1.03566690327982,1.135,1.1,202,OFF,Cedi Osman,Jarrett Allen
1629029,1626174,-1.42291691585885,1.19,1.11,509,ON,Luka Doncic,Christian Wood
1629029,203501,1.07330244334679,1.19,1.06,427,OFF,Luka Doncic,Tim Hardaway Jr.
1629029,203493,-1.37708686614513,1.12,1.19,459,OFF,Luka Doncic,Reggie Bullock
1629029,1630182,-1.30958455247803,1.17,1.12,391,ON,Luka Doncic,Josh Green
1629029,1628467,1.18837515138535,1.14,1.15,313,OFF,Luka Doncic,Maxi Kleber
1629029,203915,1.55717642807976,1.09,1.23,404,OFF,Luka Doncic,Spencer Dinwiddie
1629029,203939,-1.25561850063159,1.09,1.19,552,ON,Luka Doncic,Dwight Powell
203915,1626174,1.0845728808428,1.12,1.1,229,OFF,Spencer Dinwiddie,Christian Wood
203915,203501,-1.12766809646379,1.13,1.09,286,OFF,Spencer Dinwiddie,Tim Hardaway Jr.
203915,1630182,1.46399018718166,1.02,1.14,206,ON,Spencer Dinwiddie,Josh Green
203915,1629029,2.2817388303906,1.23,1,235,OFF,Spencer Dinwiddie,Luka Doncic
203915,203939,1.57294088695243,1.14,1.07,307,ON,Spencer Dinwiddie,Dwight Powell
1626174,203501,-1.02099503854903,1.21,1.13,211,OFF,Christian Wood,Tim Hardaway Jr.
1626174,203493,-1.10578751965575,1.17,1.16,304,OFF,Christian Wood,Reggie Bullock
1626174,1629029,1.75828221363781,1.2,1.26,214,OFF,Christian Wood,Luka Doncic
203501,1626174,1.30147569890235,1.045,1.12,248,OFF,Tim Hardaway Jr.,Christian Wood
203501,203493,-1.12765957588246,1.01,1.05,355,ON,Tim Hardaway Jr.,Reggie Bullock
203501,1630182,-1.66131286457235,0.965,1.09,255,OFF,Tim Hardaway Jr.,Josh Green
203501,203939,-1.18024251880508,1.09,1.01,296,ON,Tim Hardaway Jr.,Dwight Powell
203932,1628971,1.04951330239718,1.21,1.28,327,OFF,Aaron Gordon,Bruce Brown
1627750,203932,1.02608264241393,1.08,1.12,251,OFF,Jamal Murray,Aaron Gordon
1627750,201145,-1.10559236711464,1.09,1.025,204,ON,Jamal Murray,Jeff Green
1627750,1629008,1.54937272830605,1.12,1.05,266,OFF,Jamal Murray,Michael Porter Jr.
1627750,1628971,1.14963291277537,1.06,1.1,442,ON,Jamal Murray,Bruce Brown
1627750,203999,-1.07728067486704,1.06,1.07,216,OFF,Jamal Murray,Nikola Jokic
1627750,203484,-1.08460697461737,1.05,1.15,313,OFF,Jamal Murray,Kentavious Caldwell-Pope
203484,1628971,1.10029254699464,1.14,1.15,270,OFF,Kentavious Caldwell-Pope,Bruce Brown
1629008,1628971,1.05759499177355,1.14,1.26,296,ON,Michael Porter Jr.,Bruce Brown
203999,1627750,-1.22926521815379,1.34,1.31,205,OFF,Nikola Jokic,Jamal Murray
203999,1628971,1.3121614972313,1.32,1.35,431,OFF,Nikola Jokic,Bruce Brown
1628971,203932,1.86542134562463,1.29,0.91,271,OFF,Bruce Brown,Aaron Gordon
1628971,201145,1.36844900978534,0.92,1.23,226,OFF,Bruce Brown,Jeff Green
1628971,1629008,1.86735548451511,1.18,1.01,202,ON,Bruce Brown,Michael Porter Jr.
1628971,1627750,1.55159124729371,1.11,1.06,251,OFF,Bruce Brown,Jamal Murray
1628971,1631128,1.5808817216581,0.93,1.22,209,ON,Bruce Brown,Christian Braun
1628971,203999,1.88577404552059,1.28,0.81,211,OFF,Bruce Brown,Nikola Jokic
1628971,203484,1.82230185775974,1.255,0.91,275,OFF,Bruce Brown,Kentavious Caldwell-Pope
1631093,1630180,-1.23296617032031,0.91,1.07,224,OFF,Jaden Ivey,Saddiq Bey
1631093,1630165,1.47163164667179,1.02,0.89,386,OFF,Jaden Ivey,Killian Hayes
1631093,1630587,-1.15935107487603,0.92,0.985,224,ON,Jaden Ivey,Isaiah Livers
1631093,1631105,1.20040495218543,1.01,0.94,301,OFF,Jaden Ivey,Jalen Duren
1630180,1631093,1.40003264611308,1.04,0.94,241,OFF,Saddiq Bey,Jaden Ivey
1630180,1630165,-1.42500856588487,0.95,1.03,253,ON,Saddiq Bey,Killian Hayes
1630180,1630191,-1.00340468959246,1.05,0.96,252,ON,Saddiq Bey,Isaiah Stewart
1630180,202711,-1.25084973196233,1.02,0.99,218,OFF,Saddiq Bey,Bojan Bogdanovic
1630180,1631105,-1.21556055346774,0.93,1.04,239,ON,Saddiq Bey,Jalen Duren
1630180,202692,1.32545925843943,0.95,1.02,218,ON,Saddiq Bey,Alec Burks
202711,1630180,1.93579082264346,1.22,1.05,294,OFF,Bojan Bogdanovic,Saddiq Bey
202711,1631093,1.45081777030049,1.1,1.25,221,OFF,Bojan Bogdanovic,Jaden Ivey
202711,1630165,1.5809172902643,1.07,1.19,328,OFF,Bojan Bogdanovic,Killian Hayes
202711,1630191,-1.23441560991224,1.15,1.07,205,OFF,Bojan Bogdanovic,Isaiah Stewart
202711,1631105,1.48362791482518,0.98,1.31,376,OFF,Bojan Bogdanovic,Jalen Duren
202711,202692,1.24548007608087,1.22,1.055,245,ON,Bojan Bogdanovic,Alec Burks
1630165,1630180,-1.0601530185221,0.93,0.87,231,ON,Killian Hayes,Saddiq Bey
1630165,1631093,1.98559802162327,0.83,0.85,254,OFF,Killian Hayes,Jaden Ivey
1630165,1631105,1.2944468221609,0.81,0.85,279,OFF,Killian Hayes,Jalen Duren
203952,1629673,1.60528214391836,1,1.25,244,OFF,Andrew Wiggins,Jordan Poole
203952,1626172,1.51634638827931,1.12,1.12,225,OFF,Andrew Wiggins,Kevon Looney
203110,1626172,2.08232482930004,1.17,1.13,212,ON,Draymond Green,Kevon Looney
202691,1629673,1.22382927874421,1.14,1.05,530,OFF,Klay Thompson,Jordan Poole
202691,1626172,-1.43327390016362,1.07,1.15,456,OFF,Klay Thompson,Kevon Looney
202691,203110,-1.11132360477676,1.12,1.07,235,OFF,Klay Thompson,Draymond Green
202691,1630228,-1.30498202135284,1.08,1.09,290,ON,Klay Thompson,Jonathan Kuminga
202691,1630237,1.20452859973986,1.19,1.09,201,ON,Klay Thompson,Anthony Lamb
202691,1628978,-1.41108054962416,1.12,1.14,520,ON,Klay Thompson,Donte DiVincenzo
201939,202691,1.10224041749277,1.265,1.18,234,OFF,Stephen Curry,Klay Thompson
201939,1629673,1.66372178284489,1.19,1.28,438,ON,Stephen Curry,Jordan Poole
201939,1626172,-1.00654385667951,1.25,1.23,449,OFF,Stephen Curry,Kevon Looney
201939,203110,1.01874068909382,1.27,1.22,244,OFF,Stephen Curry,Draymond Green
201939,1630228,-1.27760678915953,1.2,1.26,205,ON,Stephen Curry,Jonathan Kuminga
201939,1628978,-1.43055278269116,1.25,1.19,349,ON,Stephen Curry,Donte DiVincenzo
1629673,201939,2.75020702617108,1.09,1.01,304,ON,Jordan Poole,Stephen Curry
1629673,1629660,-1.4409082337208,1.01,1.045,208,ON,Jordan Poole,Ty Jerome
1629673,1630541,-1.08168368137862,1.07,0.99,255,ON,Jordan Poole,Moses Moody
1629673,202691,2.64343169244961,1.05,0.98,412,OFF,Jordan Poole,Klay Thompson
1629673,1626172,1.63078015922211,1.05,1.02,520,ON,Jordan Poole,Kevon Looney
1629673,203110,1.89140500651403,1.05,0.99,350,OFF,Jordan Poole,Draymond Green
1629673,1630228,1.26525998928179,0.99,1.06,407,ON,Jordan Poole,Jonathan Kuminga
1629673,1630237,1.19557201187318,0.89,1.1,380,ON,Jordan Poole,Anthony Lamb
1629673,203210,1.2132608899435,0.98,1.07,291,ON,Jordan Poole,JaMychal Green
1629673,1628978,1.41593774472341,1.04,1.04,412,OFF,Jordan Poole,Donte DiVincenzo
1628978,1626172,1.4562051403098,1.09,1.2,233,OFF,Donte DiVincenzo,Kevon Looney
1630224,201569,2.28605084537702,1.1,0.89,338,OFF,Jalen Green,Eric Gordon
1630224,1630578,1.10432609430294,1,0.92,332,OFF,Jalen Green,Alperen Sengun
1630224,1631095,1.54668399042503,0.95,1.04,320,OFF,Jalen Green,Jabari Smith Jr.
1630224,1631106,1.23776802106417,0.99,0.975,398,ON,Jalen Green,Tari Eason
1630224,1630586,1.17124531730938,0.99,0.96,228,ON,Jalen Green,Usman Garuba
1630224,1630231,1.30264291248347,0.99,0.96,486,OFF,Jalen Green,Kenyon Martin Jr.
1630224,1630256,-1.29330663110298,0.93,0.97,244,ON,Jalen Green,Jae'Sean Tate
1631095,1630578,1.10139880491067,0.905,1,210,OFF,Jabari Smith Jr.,Alperen Sengun
1631095,1630231,1.45290750868203,0.96,0.94,389,OFF,Jabari Smith Jr.,Kenyon Martin Jr.
1629645,201569,1.69647943069072,1.13,0.96,214,OFF,Kevin Porter Jr.,Eric Gordon
1629645,1630578,1.23959158800742,1.05,1.01,281,OFF,Kevin Porter Jr.,Alperen Sengun
1629645,1631095,1.71576534327413,1.04,1.02,213,OFF,Kevin Porter Jr.,Jabari Smith Jr.
1629645,1631106,1.78915858334157,0.99,1.03,266,ON,Kevin Porter Jr.,Tari Eason
1629645,1630231,1.30039344398105,0.98,1.06,389,OFF,Kevin Porter Jr.,Kenyon Martin Jr.
201569,1630231,-1.42764784310493,1.09,1.03,224,OFF,Eric Gordon,Kenyon Martin Jr.
1630578,1630231,-1.12405759965451,1.16,1.1,337,OFF,Alperen Sengun,Kenyon Martin Jr.
1630231,1630578,2.33706419807266,1.31,1.18,246,OFF,Kenyon Martin Jr.,Alperen Sengun
1630231,1631095,2.96642281584296,1.24,1.24,285,OFF,Kenyon Martin Jr.,Jabari Smith Jr.
1630231,1631106,2.4373046094882,1.19,1.29,277,ON,Kenyon Martin Jr.,Tari Eason
1630231,1630227,1.74465202460685,1.28,1.28,201,ON,Kenyon Martin Jr.,Daishen Nix
1631106,1630224,-1.14869861272785,1.05,1,242,ON,Tari Eason,Jalen Green
1631106,1630586,1.0467366543552,0.94,1.1,248,ON,Tari Eason,Usman Garuba
1631106,1630231,1.42511247443118,0.99,1.05,262,OFF,Tari Eason,Kenyon Martin Jr.
1630188,1629614,-1.06591062830274,1.07,1.04,207,ON,Jalen Smith,Andrew Nembhard
1630188,1631097,1.81780598433118,1.05,1.03,201,OFF,Jalen Smith,Bennedict Mathurin
1630169,1630174,1.11939506799633,1.15,1.12,291,OFF,Tyrese Haliburton,Aaron Nesmith
1630169,1629614,-1.19494978760381,1.1,1.34,285,OFF,Tyrese Haliburton,Andrew Nembhard
1630169,1630188,1.34736271366554,1.16,1.2,281,ON,Tyrese Haliburton,Jalen Smith
1630169,1631097,-1.15206392505789,1.24,1.12,382,ON,Tyrese Haliburton,Bennedict Mathurin
1627741,1630174,-1.46774869953376,1.24,1.1,401,OFF,Buddy Hield,Aaron Nesmith
1627741,1629614,-1.2902473379726,1.18,1.24,342,OFF,Buddy Hield,Andrew Nembhard
1627741,204456,1.64153404964776,1.19,1.2,248,ON,Buddy Hield,T.J. McConnell
1627741,1630188,1.40338142672564,1.06,1.25,339,ON,Buddy Hield,Jalen Smith
1627741,1631097,1.03830934682411,1.13,1.22,402,ON,Buddy Hield,Bennedict Mathurin
1631097,1630174,1.0764470246772,0.99,0.95,299,ON,Bennedict Mathurin,Aaron Nesmith
1631097,1630537,-1.227943972596,0.97,0.98,239,ON,Bennedict Mathurin,Chris Duarte
1631097,1629614,1.07862687019898,0.9,1.03,339,ON,Bennedict Mathurin,Andrew Nembhard
1631097,1630169,1.73483267290433,0.95,1.01,300,ON,Bennedict Mathurin,Tyrese Haliburton
1631097,204456,1.0016145524186,0.99,0.97,335,OFF,Bennedict Mathurin,T.J. McConnell
1631097,1630543,1.0697490966668,1.06,0.95,270,ON,Bennedict Mathurin,Isaiah Jackson
1631097,1626167,1.90388240151239,0.95,0.96,305,ON,Bennedict Mathurin,Myles Turner
1631097,1630188,-1.04906898360959,0.97,0.97,229,ON,Bennedict Mathurin,Jalen Smith
1631097,1627741,1.38051702916269,0.98,0.98,387,ON,Bennedict Mathurin,Buddy Hield
1631097,1629052,2.01509075980571,1.04,0.9,309,ON,Bennedict Mathurin,Oshae Brissett
204456,1627741,1.21014131850815,1.1,1.12,222,ON,T.J. McConnell,Buddy Hield
1630174,1631097,1.03580359971817,0.97,1.02,216,ON,Aaron Nesmith,Bennedict Mathurin
1629614,1630174,1.21381563105999,1.08,1.04,204,OFF,Andrew Nembhard,Aaron Nesmith
1629614,1631097,1.70817830287386,0.97,1.08,235,OFF,Andrew Nembhard,Bennedict Mathurin
1626167,1630174,-1.12884301503772,1.23,1.22,235,OFF,Myles Turner,Aaron Nesmith
1626167,204456,1.08683582447306,1.09,1.27,205,ON,Myles Turner,T.J. McConnell
1626167,1631097,1.14213340918019,1.16,1.28,321,ON,Myles Turner,Bennedict Mathurin
1626181,202704,-1.0720166021749,1.12,1.17,244,ON,Norman Powell,Reggie Jackson
1626181,1627826,-1.34576637439368,1.03,1.24,290,ON,Norman Powell,Ivica Zubac
1626181,1629611,1.34716814408139,1.12,1.13,272,ON,Norman Powell,Terance Mann
1626181,201587,1.07209715656393,1.095,1.15,235,OFF,Norman Powell,Nicolas Batum
202704,1626181,-1.13209620059475,0.97,1.08,203,OFF,Reggie Jackson,Norman Powell
202694,1629611,-1.06989953400966,0.94,1.11,272,ON,Marcus Morris Sr.,Terance Mann
202331,1626181,1.81350554442451,1.06,1.12,277,ON,Paul George,Norman Powell
202331,202704,1.43444271460843,1.09,1.11,290,OFF,Paul George,Reggie Jackson
202331,1628379,1.16849854932979,1.12,1.085,233,ON,Paul George,Luke Kennard
202331,1627826,1.88547059292048,1.08,1.11,311,OFF,Paul George,Ivica Zubac
202331,1629611,1.49325787472391,1.05,1.1,376,ON,Paul George,Terance Mann
202331,201587,-1.0346392088719,1.14,1.04,356,ON,Paul George,Nicolas Batum
202331,202694,1.22051610418146,1.105,1.05,289,OFF,Paul George,Marcus Morris Sr.
1627826,1629611,-1.52619856625692,1.26,1.26,220,ON,Ivica Zubac,Terance Mann
202695,1626181,1.36078597271763,1.17,1.2,219,ON,Kawhi Leonard,Norman Powell
202695,202704,-1.12840089105212,1.03,1.15,202,ON,Kawhi Leonard,Reggie Jackson
202695,1627826,1.09364450000075,1.13,1.09,234,OFF,Kawhi Leonard,Ivica Zubac
202695,1629611,1.08413569603166,1.19,1.11,341,ON,Kawhi Leonard,Terance Mann
202695,201587,-1.31008648384021,1.05,1.24,329,ON,Kawhi Leonard,Nicolas Batum
1629611,201587,1.59093053749506,1.16,1.25,215,ON,Terance Mann,Nicolas Batum
1629611,202694,-1.07048704710357,1.23,1.14,200,OFF,Terance Mann,Marcus Morris Sr.
203076,1630559,1.2439383133329,1.21,1.12,338,OFF,Anthony Davis,Austin Reaves
203076,201566,1.677957987438,1.23,1.09,215,OFF,Anthony Davis,Russell Westbrook
203076,1629022,-1.51226696644371,1.19,1.14,332,OFF,Anthony Davis,Lonnie Walker IV
203076,1628972,1.00941652487776,1.14,1.19,352,OFF,Anthony Davis,Troy Brown Jr.
203076,203471,-1.20650112750804,1.1,1.26,210,OFF,Anthony Davis,Dennis Schroder
2544,201976,1.66689777395425,1.09,1.21,317,OFF,LeBron James,Patrick Beverley
2544,1630559,1.39820901560953,1.14,1.07,326,OFF,LeBron James,Austin Reaves
2544,201566,2.22247725780969,1.15,1.11,446,ON,LeBron James,Russell Westbrook
2544,1629022,1.01582096881703,1.08,1.05,360,ON,LeBron James,Lonnie Walker IV
2544,1628972,1.06065934021518,1.09,1.1,428,ON,LeBron James,Troy Brown Jr.
2544,203471,-1.0707992478602,1.14,1.13,213,OFF,LeBron James,Dennis Schroder
2544,1628418,1.7295826985488,1.24,1.08,356,ON,LeBron James,Thomas Bryant
201566,1629117,1.32874942798017,0.96,1,247,ON,Russell Westbrook,Wenyen Gabriel
201566,2544,2.36611049614933,0.97,0.87,270,OFF,Russell Westbrook,LeBron James
201566,201976,1.23460912052747,0.92,0.89,228,ON,Russell Westbrook,Patrick Beverley
201566,1629022,-1.12126072649712,0.81,1,219,OFF,Russell Westbrook,Lonnie Walker IV
201566,1628972,1.1439788321661,0.98,0.865,318,ON,Russell Westbrook,Troy Brown Jr.
201566,203471,1.13568509958083,0.92,0.91,225,ON,Russell Westbrook,Dennis Schroder
1629022,1630559,-1.47340090383911,1,1.14,212,OFF,Lonnie Walker IV,Austin Reaves
203471,1628972,1.04644441043188,0.86,1.01,268,ON,Dennis Schroder,Troy Brown Jr.
1629630,1630217,-1.69671250571456,0.97,1.1,317,OFF,Ja Morant,Desmond Bane
1629630,1626145,-1.08018984305545,1.04,1,238,ON,Ja Morant,Tyus Jones
1629630,1631223,-1.26123420388612,1.01,1.01,235,ON,Ja Morant,David Roddy
1629630,1629634,1.41046356277482,0.97,0.99,269,ON,Ja Morant,Brandon Clarke
1629630,1628415,1.11984372301717,0.99,1.04,298,OFF,Ja Morant,Dillon Brooks
1629630,1630583,-1.03333619779558,1.04,0.97,511,ON,Ja Morant,Santi Aldama
1629630,1629723,-1.12721978549167,1.05,0.96,488,OFF,Ja Morant,John Konchar
1629630,1628991,-1.00831388956668,0.975,1.02,399,OFF,Ja Morant,Jaren Jackson Jr.
1629630,1630214,1.11534202486345,1.05,1.05,227,ON,Ja Morant,Xavier Tillman
1630217,1626145,1.51035957319151,1.2,1.09,387,ON,Desmond Bane,Tyus Jones
1630217,1629630,1.60090783290684,1.095,1.24,231,OFF,Desmond Bane,Ja Morant
1630217,1629634,1.5342604463652,1.18,1.11,215,ON,Desmond Bane,Brandon Clarke
1630217,1628415,1.82464184804253,1.125,1.19,308,OFF,Desmond Bane,Dillon Brooks
1630217,1630583,1.14973909983374,1.09,1.18,322,ON,Desmond Bane,Santi Aldama
1630217,1629723,1.28343403427867,1.19,1.07,212,ON,Desmond Bane,John Konchar
1630217,1630214,1.11618197006388,1.14,1.13,292,ON,Desmond Bane,Xavier Tillman
1630583,1626145,1.18640533116361,1.1,1.13,217,OFF,Santi Aldama,Tyus Jones
1630583,1628415,-1.73843655955362,1.17,1.07,209,OFF,Santi Aldama,Dillon Brooks
1630583,1629723,1.3607757921002,1.09,1.12,208,ON,Santi Aldama,John Konchar
1626145,1631223,1.90401888923961,0.98,1.14,228,ON,Tyus Jones,David Roddy
1626145,1628415,-1.20756222482288,1.12,1.02,281,OFF,Tyus Jones,Dillon Brooks
1626145,1630583,1.32488594841456,1.09,1.025,308,ON,Tyus Jones,Santi Aldama
1626145,1629723,1.43941157123654,1.1,1.07,236,ON,Tyus Jones,John Konchar
1626145,1628991,1.03835425734919,1.08,1.06,205,OFF,Tyus Jones,Jaren Jackson Jr.
1626145,1630214,1.01213844714277,1.14,1.05,222,ON,Tyus Jones,Xavier Tillman
1628415,1630217,1.60648850733828,0.94,0.95,228,OFF,Dillon Brooks,Desmond Bane
1628415,1626145,-1.30235776930396,0.92,0.93,393,ON,Dillon Brooks,Tyus Jones
1628415,1629634,1.40962199814232,0.88,0.96,223,ON,Dillon Brooks,Brandon Clarke
1628415,1630583,1.14369552215642,0.84,0.99,387,ON,Dillon Brooks,Santi Aldama
1628415,1629723,1.00430696386544,0.96,0.93,327,ON,Dillon Brooks,John Konchar
1628415,1628991,1.17116725363497,0.96,0.87,256,OFF,Dillon Brooks,Jaren Jackson Jr.
1628415,1630214,1.14950397145964,0.91,0.99,227,ON,Dillon Brooks,Xavier Tillman
1628991,1626145,1.26542532819901,1.12,1.13,269,OFF,Jaren Jackson Jr.,Tyus Jones
1628991,1629630,1.94605341731546,1.15,1.12,243,OFF,Jaren Jackson Jr.,Ja Morant
1628991,1629634,-1.13865945706384,1.08,1.09,235,ON,Jaren Jackson Jr.,Brandon Clarke
1628991,1629723,1.26590376601975,1.05,1.16,231,ON,Jaren Jackson Jr.,John Konchar
1628991,1630214,1.24522384509402,1.1,1.15,206,ON,Jaren Jackson Jr.,Xavier Tillman
202710,1628997,1.90974767541424,1.13,1.12,339,OFF,Jimmy Butler,Caleb Martin
202710,1629639,-1.13039702985075,1.14,1.1,202,OFF,Jimmy Butler,Tyler Herro
202710,1629216,1.38163180037847,1.08,1.08,349,OFF,Jimmy Butler,Gabe Vincent
202710,1628389,-1.28650275910351,1.11,1.1,249,OFF,Jimmy Butler,Bam Adebayo
202710,1629622,1.58978220536063,1.08,1.12,409,ON,Jimmy Butler,Max Strus
1629639,202710,-1.0971636569947,1.04,1.12,251,OFF,Tyler Herro,Jimmy Butler
1629639,1628997,-1.33238224941176,1.02,1.12,384,OFF,Tyler Herro,Caleb Martin
1629639,1629216,1.04310419661376,1.05,1.04,335,ON,Tyler Herro,Gabe Vincent
1629639,1628389,1.50747648167848,1.09,0.98,221,OFF,Tyler Herro,Bam Adebayo
1629639,1629622,1.45833978967142,1.1,1.04,448,ON,Tyler Herro,Max Strus
1629639,1629312,-1.27955123885049,1.01,1.08,225,ON,Tyler Herro,Haywood Highsmith
1629639,203506,1.11120506623264,1.08,0.97,273,ON,Tyler Herro,Victor Oladipo
1628389,202710,-1.20710769232925,1.08,1.09,308,OFF,Bam Adebayo,Jimmy Butler
1628389,1628997,-1.39330492257652,1.09,1.1,305,OFF,Bam Adebayo,Caleb Martin
1628389,200768,-1.1460334503944,1.04,1.13,200,OFF,Bam Adebayo,Kyle Lowry
1628389,1629216,-1.09872700372325,1.11,1.05,393,OFF,Bam Adebayo,Gabe Vincent
1628389,1629622,-1.18917598011713,1.09,1.09,416,OFF,Bam Adebayo,Max Strus
1628389,1629312,-1.07294015320703,1.06,1.12,240,ON,Bam Adebayo,Haywood Highsmith
1628389,203506,1.0529043962788,1.11,1.09,252,ON,Bam Adebayo,Victor Oladipo
1628997,1629622,1.8224908110152,1.08,1.07,212,OFF,Caleb Martin,Max Strus
1629622,202710,-1.03248879288635,1.16,0.97,278,OFF,Max Strus,Jimmy Butler
1629622,1628997,-1.36361145634557,1.08,1.07,224,OFF,Max Strus,Caleb Martin
1629622,1629639,-1.28784054086098,1.045,1.13,222,OFF,Max Strus,Tyler Herro
1629622,1629216,1.47099345325065,1.15,1.1,291,ON,Max Strus,Gabe Vincent
1629622,1629312,-1.15967788816582,0.93,1.15,202,ON,Max Strus,Haywood Highsmith
1629216,1628997,-1.1175478056226,1.05,0.91,202,ON,Gabe Vincent,Caleb Martin
1629216,1629622,-1.20450081888262,0.96,1.09,204,OFF,Gabe Vincent,Max Strus
201572,1628960,1.34827966844359,1.16,1.26,304,OFF,Brook Lopez,Grayson Allen
201572,203507,1.98324474812318,1.2,1.28,260,OFF,Brook Lopez,Giannis Antetokounmpo
201572,1626171,1.12832675060121,1.22,1.22,334,ON,Brook Lopez,Bobby Portis
201572,1628975,1.49703953605547,1.18,1.23,391,ON,Brook Lopez,Jevon Carter
201572,1626192,1.16563789431576,1.17,1.22,294,ON,Brook Lopez,Pat Connaughton
201572,204060,2.17837022092132,1.27,1.24,214,ON,Brook Lopez,Joe Ingles
201950,201572,-1.21004407699739,1.1,1.08,207,OFF,Jrue Holiday,Brook Lopez
201950,1628960,1.07092143801234,1.1,1.11,368,OFF,Jrue Holiday,Grayson Allen
201950,203507,1.45384750548072,1.1,1.05,323,OFF,Jrue Holiday,Giannis Antetokounmpo
201950,1626171,1.03773213513575,1.1,1.14,335,OFF,Jrue Holiday,Bobby Portis
201950,1628975,1.33399664422441,1.07,1.12,273,ON,Jrue Holiday,Jevon Carter
201950,1626192,1.70036240774824,1.15,1.11,348,OFF,Jrue Holiday,Pat Connaughton
201950,204060,1.54678480493655,1.11,1.1,231,OFF,Jrue Holiday,Joe Ingles
1628960,1626171,-1.23861956327548,1.12,1.15,208,ON,Grayson Allen,Bobby Portis
1628960,1628975,-1.37338218026578,1.08,1.21,232,ON,Grayson Allen,Jevon Carter
1628960,1626192,1.29819271107184,1.26,1.11,206,ON,Grayson Allen,Pat Connaughton
1628975,201572,-1.18143889475407,1.05,1.21,200,OFF,Jevon Carter,Brook Lopez
1628975,1628960,1.14882168939858,1.14,1.07,208,OFF,Jevon Carter,Grayson Allen
1628975,1626171,1.23859843011866,1.03,1.07,204,OFF,Jevon Carter,Bobby Portis
203507,201572,1.08659299368233,1.1,1.19,507,OFF,Giannis Antetokounmpo,Brook Lopez
203507,201950,1.16639001377806,1.18,1.21,320,OFF,Giannis Antetokounmpo,Jrue Holiday
203507,1628960,-1.25557788609639,1.14,1.19,340,OFF,Giannis Antetokounmpo,Grayson Allen
203507,1626171,1.19644743690486,1.11,1.13,370,ON,Giannis Antetokounmpo,Bobby Portis
203507,1628975,-1.1448198948996,1.11,1.16,530,ON,Giannis Antetokounmpo,Jevon Carter
203507,1626192,1.02982296652156,1.19,1.13,413,OFF,Giannis Antetokounmpo,Pat Connaughton
203507,203114,-1.01811549976789,1.18,1.2,246,ON,Giannis Antetokounmpo,Khris Middleton
203507,204060,-1.48286272267452,1.14,1.175,223,ON,Giannis Antetokounmpo,Joe Ingles
1626171,201572,2.39964603586496,1.1,1.09,349,OFF,Bobby Portis,Brook Lopez
1626171,201950,1.10371236714998,1.11,1.11,213,OFF,Bobby Portis,Jrue Holiday
1626171,1628960,1.24571064791788,1.18,1.05,281,ON,Bobby Portis,Grayson Allen
1626171,203507,2.64839020998091,1.07,1.16,237,ON,Bobby Portis,Giannis Antetokounmpo
1626171,1628975,1.24166297135928,1.11,1.1,342,ON,Bobby Portis,Jevon Carter
1626171,201588,-1.26519486056885,1.05,1.18,202,ON,Bobby Portis,George Hill
1626171,1626192,1.09400965391601,1.03,1.18,251,ON,Bobby Portis,Pat Connaughton
1630183,203937,1.00324085543632,1.22,1.09,202,OFF,Jaden McDaniels,Kyle Anderson
1626156,203085,-1.37763289964703,1.14,1.145,202,ON,D'Angelo Russell,Austin Rivers
1626156,203937,1.5088865668748,1.23,1.1,261,OFF,D'Angelo Russell,Kyle Anderson
1630162,203497,1.85112477666784,1.06,1.09,395,OFF,Anthony Edwards,Rudy Gobert
1630162,1629669,-1.167747150348,1.06,1.07,358,ON,Anthony Edwards,Jaylen Nowell
1630162,1627752,1.69917018731361,1.07,1.05,352,ON,Anthony Edwards,Taurean Prince
1630162,203085,1.24804818685798,1.08,1.03,389,ON,Anthony Edwards,Austin Rivers
1630162,1630183,-1.21785850828544,1.065,1.04,410,OFF,Anthony Edwards,Jaden McDaniels
1630162,1626156,1.22671228171926,1.05,1.1,367,OFF,Anthony Edwards,D'Angelo Russell
1630162,203937,1.01760830061356,1.07,1.01,508,OFF,Anthony Edwards,Kyle Anderson
1630162,1629675,-1.082329744439,1.07,1.06,409,ON,Anthony Edwards,Naz Reid
1629669,203497,-1.06355846492653,0.83,1.07,241,ON,Jaylen Nowell,Rudy Gobert
1629669,1630162,1.10610772764599,1.02,1.01,293,OFF,Jaylen Nowell,Anthony Edwards
1629669,203085,1.17822915073768,1,1,229,ON,Jaylen Nowell,Austin Rivers
1629669,1630183,1.00737478738877,1.04,0.96,226,ON,Jaylen Nowell,Jaden McDaniels
1629669,1626156,1.59174112804224,0.88,1.07,202,ON,Jaylen Nowell,D'Angelo Russell
1629669,203937,1.0379279974811,1.06,1.015,217,ON,Jaylen Nowell,Kyle Anderson
1629669,1629675,-1.00883356783825,1,1.06,238,OFF,Jaylen Nowell,Naz Reid
1629675,1629669,1.95581412519353,1.28,1.12,211,OFF,Naz Reid,Jaylen Nowell
1629675,1630183,1.85801853783767,1.18,1.27,271,OFF,Naz Reid,Jaden McDaniels
1629675,203937,1.98100131469368,1.11,1.32,209,OFF,Naz Reid,Kyle Anderson
202685,1630230,1.46360616743588,1.15,1.17,320,ON,Jonas Valanciunas,Naji Marshall
202685,1630631,1.13954655426118,1.18,1.1,256,ON,Jonas Valanciunas,Jose Alvarado
1629627,202685,-1.14386113621746,1.28,1.19,229,ON,Zion Williamson,Jonas Valanciunas
203468,202685,-1.24235073738742,1.02,1.03,512,OFF,CJ McCollum,Jonas Valanciunas
203468,1626204,1.01073706995847,1.04,0.98,389,ON,CJ McCollum,Larry Nance Jr.
203468,1630530,1.01766952294029,1.04,1.01,372,OFF,CJ McCollum,Trey Murphy III
203468,1630529,1.13532190999285,1.1,0.91,315,OFF,CJ McCollum,Herbert Jones
203468,1630230,-1.30765318442269,1.04,1.05,577,OFF,CJ McCollum,Naji Marshall
203468,1630631,1.62930766099955,1.03,1.03,303,ON,CJ McCollum,Jose Alvarado
203468,1627742,1.39978292054758,1.03,1.01,243,OFF,CJ McCollum,Brandon Ingram
203468,1630700,-1.3365491755781,0.97,1.07,294,ON,CJ McCollum,Dyson Daniels
1627742,202685,-1.00765287416333,1.09,1,296,OFF,Brandon Ingram,Jonas Valanciunas
1627742,1626204,1.08942408450704,1.06,1.03,247,ON,Brandon Ingram,Larry Nance Jr.
1627742,1630530,-1.60735203266439,1.03,1.05,298,OFF,Brandon Ingram,Trey Murphy III
1627742,203468,-1.38704794034988,1.065,1,203,OFF,Brandon Ingram,CJ McCollum
1630631,1630530,1.12874985348995,1.05,0.95,222,ON,Jose Alvarado,Trey Murphy III
1630530,202685,1.14333428154202,1.14,1.31,276,OFF,Trey Murphy III,Jonas Valanciunas
1630530,1626204,1.05787913678576,1.36,1.165,202,ON,Trey Murphy III,Larry Nance Jr.
1630530,1630529,1.20681296806454,1.34,1.03,220,OFF,Trey Murphy III,Herbert Jones
1630530,1630230,1.20815474686893,1.13,1.27,293,ON,Trey Murphy III,Naji Marshall
1630530,1630631,-1.46145439627396,1.18,1.19,203,ON,Trey Murphy III,Jose Alvarado
1630230,202685,1.36761805191327,1.05,0.94,233,ON,Naji Marshall,Jonas Valanciunas
1630230,1630530,2.10644725149802,1.04,0.95,239,OFF,Naji Marshall,Trey Murphy III
203944,1629011,1.91672232521772,1.06,1.07,338,OFF,Julius Randle,Mitchell Robinson
203944,1628392,1.59195850291325,1.08,1.07,441,ON,Julius Randle,Isaiah Hartenstein
203944,1630193,1.46142285290914,1.06,1.09,682,OFF,Julius Randle,Immanuel Quickley
203944,1629628,1.84624957136788,1.07,1.14,360,OFF,Julius Randle,RJ Barrett
203944,1630579,1.23471551671316,1.1,1.12,259,ON,Julius Randle,Jericho Sims
203944,1629656,-1.29783151134707,1.05,1.14,312,OFF,Julius Randle,Quentin Grimes
1629628,203944,1.77262902177142,1.02,0.89,298,OFF,RJ Barrett,Julius Randle
1629628,1629011,1.66653729595577,1.09,0.89,329,OFF,RJ Barrett,Mitchell Robinson
1629628,1628392,1.09465571722969,0.9,1.03,432,ON,RJ Barrett,Isaiah Hartenstein
1629628,1630167,1.70144766724749,0.9,0.98,265,ON,RJ Barrett,Obi Toppin
1629628,1630193,2.40990272924628,0.9,1.03,457,ON,RJ Barrett,Immanuel Quickley
1629628,1628973,1.88712611452608,1,0.91,255,OFF,RJ Barrett,Jalen Brunson
1629628,1630579,-1.13811839716043,0.92,1.03,238,ON,RJ Barrett,Jericho Sims
1629628,1629656,1.79596946625449,1.06,0.91,412,OFF,RJ Barrett,Quentin Grimes
1628973,1629011,1.11908949486355,1.08,1.02,249,OFF,Jalen Brunson,Mitchell Robinson
1628973,1628392,1.35021329815264,1.08,1.09,335,ON,Jalen Brunson,Isaiah Hartenstein
1628973,1630193,-1.13678876179921,1.07,1.1,481,ON,Jalen Brunson,Immanuel Quickley
1628973,1629628,1.03806186009329,1.07,1.14,273,OFF,Jalen Brunson,RJ Barrett
1628973,1630579,1.32652533694554,1.14,1.1,238,ON,Jalen Brunson,Jericho Sims
1628973,1629656,-1.292884598637,1.115,1.06,284,OFF,Jalen Brunson,Quentin Grimes
1630193,203944,2.4409120961007,1.11,1.02,368,OFF,Immanuel Quickley,Julius Randle
1630193,1629011,-1.53026297416335,1.1,1.04,271,ON,Immanuel Quickley,Mitchell Robinson
1630193,1628392,-1.06861968889234,1.08,1.07,396,OFF,Immanuel Quickley,Isaiah Hartenstein
1630193,1630167,2.40246829518228,1.07,1.11,310,ON,Immanuel Quickley,Obi Toppin
1630193,1629628,1.17654543831568,1.1,1.05,348,OFF,Immanuel Quickley,RJ Barrett
1630193,1628973,2.61779384724917,1.13,1.03,270,ON,Immanuel Quickley,Jalen Brunson
1630193,1629656,1.10580970107555,1.06,1.08,319,ON,Immanuel Quickley,Quentin Grimes
1630193,1630540,1.66154330251477,1.12,1.075,233,ON,Immanuel Quickley,Miles McBride
1629656,1630193,1.53912982201564,1.15,1.19,245,OFF,Quentin Grimes,Immanuel Quickley
1628983,1630526,1.48930733365813,1.03,1.05,220,ON,Shai Gilgeous-Alexander,Jeremiah Robinson-Earl
1628983,1630197,-1.38980887729072,0.97,1.16,274,ON,Shai Gilgeous-Alexander,Aleksej Pokusevski
1628983,1630581,1.14524954171194,1.07,1.05,522,OFF,Shai Gilgeous-Alexander,Josh Giddey
1628983,1630544,-1.10223610105362,1.14,1.05,264,ON,Shai Gilgeous-Alexander,Tre Mann
1628983,1629026,-1.00015528699731,1.08,1.04,361,ON,Shai Gilgeous-Alexander,Kenrich Williams
1628983,203488,1.06700443160401,1.05,1.06,311,ON,Shai Gilgeous-Alexander,Mike Muscala
1628983,1629652,1.05796850470919,1.075,1.1,314,OFF,Shai Gilgeous-Alexander,Luguentz Dort
1628983,1631114,-1.24391979800513,1.05,1.07,482,OFF,Shai Gilgeous-Alexander,Jalen Williams
1628983,1630598,-1.30335706305141,1.02,1.075,342,ON,Shai Gilgeous-Alexander,Aaron Wiggins
1628983,1630198,1.27390004063314,1.06,1.06,434,ON,Shai Gilgeous-Alexander,Isaiah Joe
1628983,1631119,1.20934363023318,1.04,1.05,257,ON,Shai Gilgeous-Alexander,Jaylin Williams
1630581,1628983,2.1552355511474,1.1,0.95,269,OFF,Josh Giddey,Shai Gilgeous-Alexander
1630581,1630526,-1.44465238770997,0.98,0.97,210,ON,Josh Giddey,Jeremiah Robinson-Earl
1630581,1629026,1.03491291540403,1.03,1.04,315,ON,Josh Giddey,Kenrich Williams
1630581,1629652,1.21341146913223,1.05,1,241,OFF,Josh Giddey,Luguentz Dort
1630581,1631114,1.0628706538513,1.06,1,326,OFF,Josh Giddey,Jalen Williams
1630581,1630598,-1.19351080481302,1.01,1.06,239,ON,Josh Giddey,Aaron Wiggins
1630581,1630198,1.35771216106143,1.11,1.02,250,ON,Josh Giddey,Isaiah Joe
1630581,1631119,1.01752100551428,1.01,1.085,281,ON,Josh Giddey,Jaylin Williams
1629652,1630526,1.20595004331177,0.92,0.84,202,ON,Luguentz Dort,Jeremiah Robinson-Earl
1629652,1630581,1.38783243784824,0.95,0.93,205,OFF,Luguentz Dort,Josh Giddey
1629652,1629026,-1.0522639129678,0.92,1.04,212,ON,Luguentz Dort,Kenrich Williams
1629652,1631114,1.18228278983604,0.97,0.93,282,OFF,Luguentz Dort,Jalen Williams
1629652,1630198,1.27551584740355,0.97,0.93,227,ON,Luguentz Dort,Isaiah Joe
1631114,1630581,1.13942487529394,1.18,1.12,277,OFF,Jalen Williams,Josh Giddey
1631114,1629026,1.13916534874732,1.11,1.11,218,ON,Jalen Williams,Kenrich Williams
1631114,1629652,1.10658844735664,1.18,1.12,259,OFF,Jalen Williams,Luguentz Dort
1631114,1630198,1.9184784405483,1.04,1.19,251,ON,Jalen Williams,Isaiah Joe
1631094,1630532,1.3736455854356,0.92,0.9,379,OFF,Paolo Banchero,Franz Wagner
1631094,1630591,1.28232935539933,1.01,0.87,243,ON,Paolo Banchero,Jalen Suggs
1631094,1629626,1.5067283147349,0.95,0.9,321,ON,Paolo Banchero,Bol Bol
1631094,1630175,1.06857301803805,0.97,0.88,312,ON,Paolo Banchero,Cole Anthony
1631094,1629021,-1.06915700897198,0.91,0.925,250,ON,Paolo Banchero,Moritz Wagner
1631094,203914,-1.12774306654638,0.89,0.93,202,OFF,Paolo Banchero,Gary Harris
1630532,1631094,1.06278079045475,1.11,1.08,353,OFF,Franz Wagner,Paolo Banchero
1630532,1630591,-1.38613890919415,1.12,1.18,288,ON,Franz Wagner,Jalen Suggs
1630532,203082,1.16645283311223,1.15,1.07,266,ON,Franz Wagner,Terrence Ross
1630532,1629626,1.47806021691711,1.06,1.11,441,ON,Franz Wagner,Bol Bol
1630532,1628976,-1.26221698780351,1.14,1.07,260,OFF,Franz Wagner,Wendell Carter Jr.
1630532,1630175,1.00367405230344,1.09,1.07,373,OFF,Franz Wagner,Cole Anthony
1630532,1629021,1.38790912473258,1.1,1.12,304,ON,Franz Wagner,Moritz Wagner
1630532,1628365,1.00532730105821,1.11,1.1,339,OFF,Franz Wagner,Markelle Fultz
1630532,203914,-1.5434445614244,1.15,1.12,263,ON,Franz Wagner,Gary Harris
1630175,1631094,1.15433829259597,0.98,1.03,207,ON,Cole Anthony,Paolo Banchero
1630175,1630532,-1.1071525089315,1.02,1.04,217,OFF,Cole Anthony,Franz Wagner
1630175,1629626,1.18232630694885,1.06,1.02,214,ON,Cole Anthony,Bol Bol
1630175,1629021,1.49309524373264,0.99,1.12,212,OFF,Cole Anthony,Moritz Wagner
1628365,1630532,1.22827750154594,1.09,0.97,223,OFF,Markelle Fultz,Franz Wagner
203954,1630178,-1.12545423500882,1.18,1.14,301,OFF,Joel Embiid,Tyrese Maxey
203954,200782,1.05063053931629,1.18,1.09,392,OFF,Joel Embiid,P.J. Tucker
203954,1629001,1.57663143758646,1.13,1.2,421,OFF,Joel Embiid,De'Anthony Melton
203954,1627777,1.38925049609366,1.12,1.14,329,ON,Joel Embiid,Georges Niang
203954,1629003,1.08386230795295,1.1,1.18,327,ON,Joel Embiid,Shake Milton
203954,202699,1.33209706122778,1.16,1.14,220,OFF,Joel Embiid,Tobias Harris
202699,200782,1.29959238175931,1.17,1.07,228,OFF,Tobias Harris,P.J. Tucker
202699,1629001,-1.06870785784655,1.12,1.22,243,OFF,Tobias Harris,De'Anthony Melton
202699,1629003,1.14192344630796,1.24,1.12,229,ON,Tobias Harris,Shake Milton
1630178,203954,1.38739781004428,1.155,1.03,227,OFF,Tyrese Maxey,Joel Embiid
1630178,200782,-1.3479688270463,1.11,1.11,386,ON,Tyrese Maxey,P.J. Tucker
1630178,1629001,1.58057662594214,1.19,1.06,349,ON,Tyrese Maxey,De'Anthony Melton
1630178,201935,1.9146212853764,1.19,1.06,253,OFF,Tyrese Maxey,James Harden
1630178,1627777,1.40391513827253,1.04,1.18,382,ON,Tyrese Maxey,Georges Niang
1630178,1629003,1.2992224044318,1.05,1.175,297,ON,Tyrese Maxey,Shake Milton
1630178,202699,1.50327837149281,1.15,1.03,297,OFF,Tyrese Maxey,Tobias Harris
201935,203954,1.02679667145193,1.09,1.05,200,OFF,James Harden,Joel Embiid
201935,1630178,1.12950172288554,1.095,1.05,255,OFF,James Harden,Tyrese Maxey
201935,200782,1.01973056589779,1.065,1.13,272,OFF,James Harden,P.J. Tucker
201935,1629001,1.11592083339726,1.04,1.1,309,OFF,James Harden,De'Anthony Melton
201935,1627777,-1.12665390705486,1.17,1.04,209,ON,James Harden,Georges Niang
1629001,200782,1.5478517603979,1.12,1.07,217,OFF,De'Anthony Melton,P.J. Tucker
1628969,1627814,1.56467019696484,1.02,1.08,263,ON,Mikal Bridges,Damion Lee
1628969,1628470,2.07411781604428,1.01,1.1,287,OFF,Mikal Bridges,Torrey Craig
101108,1628470,-1.02383759320158,1.06,0.93,242,OFF,Chris Paul,Torrey Craig
101108,1629006,-1.57266456435065,1.01,1.05,210,ON,Chris Paul,Josh Okogie
1626164,1627814,-1.2040316515783,1.06,1.105,212,ON,Devin Booker,Damion Lee
1626164,1628470,1.23622259279701,1.04,1.18,429,OFF,Devin Booker,Torrey Craig
1626164,1629028,1.28980808987824,1.1,1.03,202,OFF,Devin Booker,Deandre Ayton
1626164,1626166,-1.72197086794862,1.08,1.15,318,ON,Devin Booker,Cameron Payne
1626164,1629111,1.02518555978457,1.07,1.14,200,ON,Devin Booker,Jock Landale
1626164,1629006,1.0876972072726,1.12,1.105,325,ON,Devin Booker,Josh Okogie
1629028,1627814,-1.3014330925341,1.27,1.17,222,ON,Deandre Ayton,Damion Lee
1629028,1628470,1.32239425296643,1.125,1.3,229,OFF,Deandre Ayton,Torrey Craig
1629028,1626166,1.76331211786999,1.27,1.13,204,ON,Deandre Ayton,Cameron Payne
1629028,1629006,-1.21925708325661,1.27,1.12,217,ON,Deandre Ayton,Josh Okogie
1629014,1626159,-1.5728864744216,1.04,1.15,224,OFF,Anfernee Simons,Justise Winslow
1629014,203081,1.48747584186361,1.08,1.08,301,OFF,Anfernee Simons,Damian Lillard
1629014,1628404,1.01691184159354,1.15,1.04,253,OFF,Anfernee Simons,Josh Hart
1629014,203994,1.34967775160062,1.16,1.06,346,OFF,Anfernee Simons,Jusuf Nurkic
1629014,1629234,-1.24194180149748,1.04,1.11,429,ON,Anfernee Simons,Drew Eubanks
1629014,1629642,2.07688910196664,1.08,1.09,235,ON,Anfernee Simons,Nassir Little
1629014,203924,1.18008482180323,1.15,1.03,240,OFF,Anfernee Simons,Jerami Grant
1629014,1631101,1.54335317320527,1.08,1.11,350,ON,Anfernee Simons,Shaedon Sharpe
1629014,1630570,-1.11058396338366,1.06,1.08,265,ON,Anfernee Simons,Trendon Watford
203924,203994,-1.50966087011665,1.16,1.1,257,OFF,Jerami Grant,Jusuf Nurkic
203924,1629234,-1.52173533080028,1.07,1.13,362,ON,Jerami Grant,Drew Eubanks
203924,1631101,1.87877788818906,1.03,1.155,275,ON,Jerami Grant,Shaedon Sharpe
203081,1629014,1.00613704656116,1.11,1.19,361,OFF,Damian Lillard,Anfernee Simons
203081,203994,-1.31520018447375,1.14,1.11,310,OFF,Damian Lillard,Jusuf Nurkic
203081,1629234,-1.16951759038378,1.16,1.11,482,ON,Damian Lillard,Drew Eubanks
203081,203924,-1.05202419435106,1.1,1.25,200,OFF,Damian Lillard,Jerami Grant
203081,1631101,-1.20019470497627,1.2,1.105,346,ON,Damian Lillard,Shaedon Sharpe
203081,1630570,1.19514262143981,1.12,1.19,286,ON,Damian Lillard,Trendon Watford
1631101,1629234,1.06025072064926,1.18,1.08,237,ON,Shaedon Sharpe,Drew Eubanks
1628368,1631099,-1.37341651297821,1.1,1.12,431,OFF,De'Aaron Fox,Keegan Murray
1628368,1629056,-1.13385258762448,1.18,1.14,211,ON,De'Aaron Fox,Terence Davis
1628368,1628370,-1.4563514631031,1.11,1.13,489,ON,De'Aaron Fox,Malik Monk
1628368,1626168,1.14915223928392,1.17,1.09,347,ON,De'Aaron Fox,Trey Lyles
1628368,1629002,-1.02587635686671,1.19,1.1,258,ON,De'Aaron Fox,Chimezie Metu
1628368,203084,1.28669278231286,1.13,1.1,309,OFF,De'Aaron Fox,Harrison Barnes
1628368,1628989,1.07312386304416,1.1,1.13,417,OFF,De'Aaron Fox,Kevin Huerter
1628368,1627734,1.02049310713464,1.115,1.12,366,OFF,De'Aaron Fox,Domantas Sabonis
1627734,1631099,-1.30704134143933,1.26,1.28,262,OFF,Domantas Sabonis,Keegan Murray
1627734,1630558,-1.0702438772743,1.23,1.26,356,ON,Domantas Sabonis,Davion Mitchell
1627734,1628370,1.39473498034471,1.34,1.2,313,ON,Domantas Sabonis,Malik Monk
1627734,1628368,-1.28191346956982,1.275,1.27,253,OFF,Domantas Sabonis,De'Aaron Fox
1627734,1628989,1.02787190655709,1.25,1.27,209,OFF,Domantas Sabonis,Kevin Huerter
203084,1631099,-1.13348909270143,1.13,1.07,204,OFF,Harrison Barnes,Keegan Murray
203084,1630558,-1.02683028870765,1.17,1.1,250,ON,Harrison Barnes,Davion Mitchell
1628989,1630558,-1.06540781918812,1.28,1.18,280,ON,Kevin Huerter,Davion Mitchell
1628370,1631099,-1.05608830307563,1.06,1.065,277,ON,Malik Monk,Keegan Murray
1628370,1630558,1.61226873643191,1.08,1.07,352,ON,Malik Monk,Davion Mitchell
1628370,1628368,1.71521161434133,1.03,1.12,300,OFF,Malik Monk,De'Aaron Fox
1628370,1626168,-1.16408859897054,1.05,1.02,264,OFF,Malik Monk,Trey Lyles
1628370,1629002,1.72524086615074,1.1,1.1,252,ON,Malik Monk,Chimezie Metu
1628370,203084,-1.17162432987835,1.02,1.11,324,ON,Malik Monk,Harrison Barnes
1628370,1627734,2.67772478103635,1.115,1.05,335,OFF,Malik Monk,Domantas Sabonis
1631099,1630558,1.22591357078721,1.2,1.145,216,ON,Keegan Murray,Davion Mitchell
1630200,1631110,1.6970692280091,0.97,0.92,228,OFF,Tre Jones,Jeremy Sochan
1630200,1628380,-1.08833720977544,0.88,1.01,203,ON,Tre Jones,Zach Collins
1629640,1631110,-1.22129455109508,1.08,0.93,324,OFF,Keldon Johnson,Jeremy Sochan
1629640,1626196,-1.096893317839,1.08,1.01,283,ON,Keldon Johnson,Josh Richardson
1629640,1628380,-1.17966959584178,1.08,1,332,ON,Keldon Johnson,Zach Collins
1629640,1627751,-1.30256473049503,1.03,1.09,209,OFF,Keldon Johnson,Jakob Poeltl
1629640,1630170,1.51197761195846,1.005,0.89,238,OFF,Keldon Johnson,Devin Vassell
1629640,1630200,1.65306697557052,1.01,1.1,294,OFF,Keldon Johnson,Tre Jones
1629640,1628966,1.26188867560944,0.96,1.12,332,ON,Keldon Johnson,Keita Bates-Diop
1629640,203926,-1.39251563424004,1.03,1.065,267,ON,Keldon Johnson,Doug McDermott
1629640,1631103,1.15408869090167,1.07,1.01,343,ON,Keldon Johnson,Malaki Branham
1629640,1629641,-1.16034296344417,0.95,1,217,ON,Keldon Johnson,Romeo Langford
1630170,1631110,1.49802639301974,1.02,1.11,214,OFF,Devin Vassell,Jeremy Sochan
1628380,1628966,1.02959838237744,1.15,1.03,203,ON,Zach Collins,Keita Bates-Diop
1631103,1628380,1.31052266587788,1.06,0.96,205,OFF,Malaki Branham,Zach Collins
1628384,1629018,-1.28828642801081,1.06,1.21,260,OFF,O.G. Anunoby,Gary Trent Jr.
1628384,1628449,1.78361959918382,1.07,1.13,213,ON,O.G. Anunoby,Chris Boucher
1627783,1628384,1.45985765415992,1.03,0.98,232,OFF,Pascal Siakam,O.G. Anunoby
1627783,1631132,1.27720096320864,1.05,1.07,234,ON,Pascal Siakam,Christian Koloko
1627783,1630567,1.01630768233115,1.03,1,320,OFF,Pascal Siakam,Scottie Barnes
1627783,1629018,-1.19413400598227,0.99,1.01,316,OFF,Pascal Siakam,Gary Trent Jr.
1627783,1627832,1.43122128866116,1.01,1.07,218,OFF,Pascal Siakam,Fred VanVleet
1627783,1630173,-1.03008614545902,1.03,0.99,293,ON,Pascal Siakam,Precious Achiuwa
1627783,1628449,1.28171593405243,1.03,1.02,323,ON,Pascal Siakam,Chris Boucher
1630567,1629018,-1.18648041694584,0.98,1.02,250,OFF,Scottie Barnes,Gary Trent Jr.
1630567,1630173,-1.10658018370923,1.02,0.98,204,ON,Scottie Barnes,Precious Achiuwa
1630567,1628449,3.00165326700281,0.9,0.99,267,ON,Scottie Barnes,Chris Boucher
1629018,1628384,1.09736055432327,1.05,1.01,236,OFF,Gary Trent Jr.,O.G. Anunoby
1629018,1630567,-1.24239392980855,1.065,1.02,255,OFF,Gary Trent Jr.,Scottie Barnes
1629018,1627832,1.47130733189928,1.1,1.08,220,OFF,Gary Trent Jr.,Fred VanVleet
1629018,1627783,1.06959060226733,1.08,1.08,207,OFF,Gary Trent Jr.,Pascal Siakam
1629018,1630173,-1.15141372958271,1.09,0.99,308,ON,Gary Trent Jr.,Precious Achiuwa
1629018,1628449,1.15347180058726,0.96,1.105,346,ON,Gary Trent Jr.,Chris Boucher
1627832,1630567,1.37266553647675,1.05,0.91,287,OFF,Fred VanVleet,Scottie Barnes
1627832,1629018,-1.02519284522647,1,1.02,290,OFF,Fred VanVleet,Gary Trent Jr.
1627832,1630173,1.67265659683444,1.05,1.05,260,ON,Fred VanVleet,Precious Achiuwa
1627832,1628449,1.40115965790962,0.9,1.04,311,ON,Fred VanVleet,Chris Boucher
1627832,201152,1.5315661136063,0.79,1.04,225,ON,Fred VanVleet,Thaddeus Young
203903,1629020,1.41905339653671,1.1,1,401,OFF,Jordan Clarkson,Jarred Vanderbilt
203903,1631117,1.17625680042019,1.01,1.1,439,ON,Jordan Clarkson,Walker Kessler
203903,1628374,1.60292583057093,1.035,1.09,250,OFF,Jordan Clarkson,Lauri Markkanen
203903,201144,1.66999561960423,1.05,1.11,233,OFF,Jordan Clarkson,Mike Conley
203903,203482,1.58690427317329,1.03,1.03,239,OFF,Jordan Clarkson,Kelly Olynyk
203903,1627736,2.06163021296766,0.99,1.13,421,ON,Jordan Clarkson,Malik Beasley
203903,1629012,1.11168751720772,1.03,1.015,326,ON,Jordan Clarkson,Collin Sexton
203903,1629659,-1.15632920306875,1.04,0.98,227,ON,Jordan Clarkson,Talen Horton-Tucker
1628374,1629020,-1.03098492188088,1.23,1.23,360,OFF,Lauri Markkanen,Jarred Vanderbilt
1628374,1631117,-1.48014215389759,1.2,1.14,468,ON,Lauri Markkanen,Walker Kessler
1628374,203482,1.06430515455276,1.14,1.21,326,OFF,Lauri Markkanen,Kelly Olynyk
1628374,1627736,-1.14116553705594,1.25,1.21,335,ON,Lauri Markkanen,Malik Beasley
1628374,1629012,-1.05402888092629,1.19,1.22,340,ON,Lauri Markkanen,Collin Sexton
1628374,203903,1.17810495873003,1.21,1.24,259,OFF,Lauri Markkanen,Jordan Clarkson
1628374,1630534,1.25481613501908,1.14,1.175,253,ON,Lauri Markkanen,Ochai Agbaji
1628374,1629659,1.28969263874949,1.15,1.21,294,ON,Lauri Markkanen,Talen Horton-Tucker
203482,1631117,-1.14656300300783,1.15,1.16,201,ON,Kelly Olynyk,Walker Kessler
1629012,203903,-1.08525156085447,1.11,1.13,202,OFF,Collin Sexton,Jordan Clarkson
1627736,1629020,-1.37777329478906,1.02,1.06,242,ON,Malik Beasley,Jarred Vanderbilt
1627736,1631117,-1.06740895334865,1.05,1.03,303,OFF,Malik Beasley,Walker Kessler
1627736,1628374,1.40562987485021,0.97,1.12,263,OFF,Malik Beasley,Lauri Markkanen
1627736,201144,1.31532785691213,1.09,1.05,247,OFF,Malik Beasley,Mike Conley
1627736,203482,2.20547657846765,1.24,0.99,211,ON,Malik Beasley,Kelly Olynyk
1627736,1629012,-1.20797308750656,0.97,1.13,233,ON,Malik Beasley,Collin Sexton
1627736,203903,-1.11226181646183,1.08,1,314,ON,Malik Beasley,Jordan Clarkson
1629659,203482,-1.46156452293143,1.01,0.82,222,OFF,Talen Horton-Tucker,Kelly Olynyk
203078,1628398,1.16006103691915,1.12,1.02,231,OFF,Bradley Beal,Kyle Kuzma
203078,1628420,-1.05579502748471,1.14,1.07,207,OFF,Bradley Beal,Monte Morris
203078,1629655,1.20655789183135,1.05,1.12,310,ON,Bradley Beal,Daniel Gafford
203078,1626153,1.03384434487104,1.02,1.15,247,ON,Bradley Beal,Delon Wright
203078,1630166,1.01406405594546,1.12,1.05,401,ON,Bradley Beal,Deni Avdija
203078,1630557,1.48513784178551,1.01,1.17,359,OFF,Bradley Beal,Corey Kispert
204001,1628398,1.24664219962372,1.15,1.03,220,OFF,Kristaps Porzingis,Kyle Kuzma
204001,1628420,1.25781813496662,1.165,1.13,229,OFF,Kristaps Porzingis,Monte Morris
204001,1629655,1.34463979094451,1.27,1.07,230,ON,Kristaps Porzingis,Daniel Gafford
204001,1626153,1.86983362441612,1.22,1.14,229,ON,Kristaps Porzingis,Delon Wright
204001,1630166,1.5371387647594,1.12,1.16,378,OFF,Kristaps Porzingis,Deni Avdija
204001,1630692,1.33446662748724,1.04,1.185,210,ON,Kristaps Porzingis,Jordan Goodwin
204001,1630557,-1.09939610554056,1.08,1.19,326,OFF,Kristaps Porzingis,Corey Kispert
1628420,1629655,1.26925465685219,1.06,1.14,201,ON,Monte Morris,Daniel Gafford
1628420,1630166,-1.10594537926588,1.09,1.15,216,OFF,Monte Morris,Deni Avdija
1630166,1630557,1.28466099764495,1.04,0.95,240,OFF,Deni Avdija,Corey Kispert
1628398,204001,1.47007843175084,1.06,0.99,307,OFF,Kyle Kuzma,Kristaps Porzingis
1628398,203115,-1.02583606452152,0.96,1.09,246,ON,Kyle Kuzma,Will Barton
1628398,1628420,1.35308497403822,1.03,1.04,351,OFF,Kyle Kuzma,Monte Morris
1628398,1629655,1.42898458858526,0.96,1.12,487,ON,Kyle Kuzma,Daniel Gafford
1628398,203078,1.91015752124025,1.05,1.04,281,OFF,Kyle Kuzma,Bradley Beal
1628398,1626153,-1.18298062244494,1.03,1.03,292,OFF,Kyle Kuzma,Delon Wright
1628398,1630166,-1.13817892192804,1.13,0.955,505,ON,Kyle Kuzma,Deni Avdija
1628398,1629060,-1.01725018657511,1.03,1.03,209,ON,Kyle Kuzma,Rui Hachimura
1628398,1630692,1.63399677410638,1.05,1.03,281,ON,Kyle Kuzma,Jordan Goodwin
1628398,1630557,1.5127335937456,1.01,1.08,475,OFF,Kyle Kuzma,Corey Kispert
1630557,1630166,1.8677882663599,1.29,1.23,207,OFF,Corey Kispert,Deni Avdija
